[
  {
    "id": "6c5492da-f3d7-4e98-9ee9-8ef36b15a235",
    "data": [
      {
        "text": "I have ",
        "userDefined": false
      },
      {
        "text": "low fever",
        "alias": "Symptoms",
        "meta": "@Symptoms",
        "userDefined": false
      }
    ],
    "isTemplate": false,
    "count": 0,
    "updated": 0
  },
  {
    "id": "9e4f3c0e-a40b-4f20-b081-33a7371a1dc4",
    "data": [
      {
        "text": "I have ",
        "userDefined": false
      },
      {
        "text": "cough",
        "alias": "Symptoms",
        "meta": "@Symptoms",
        "userDefined": false
      }
    ],
    "isTemplate": false,
    "count": 0,
    "updated": 0
  },
  {
    "id": "43da659f-e290-42e8-9c9f-4ac1fea6a984",
    "data": [
      {
        "text": "I have ",
        "userDefined": false
      },
      {
        "text": "runny nose",
        "alias": "Symptoms",
        "meta": "@Symptoms",
        "userDefined": false
      }
    ],
    "isTemplate": false,
    "count": 0,
    "updated": 0
  },
  {
    "id": "a18a9dc9-76c5-4c84-b977-4719b314b470",
    "data": [
      {
        "text": "I have ",
        "userDefined": false
      },
      {
        "text": "chills",
        "alias": "Symptoms",
        "meta": "@Symptoms",
        "userDefined": false
      }
    ],
    "isTemplate": false,
    "count": 0,
    "updated": 0
  },
  {
    "id": "0b43acd3-2ec9-444d-8edb-db7ba7492f22",
    "data": [
      {
        "text": "I have flu",
        "userDefined": false
      }
    ],
    "isTemplate": false,
    "count": 0,
    "updated": 0
  },
  {
    "id": "e6f4c2d9-da24-43a8-a794-11da6545e928",
    "data": [
      {
        "text": "I have ",
        "userDefined": false
      },
      {
        "text": "cold",
        "alias": "Symptoms",
        "meta": "@Symptoms",
        "userDefined": false
      }
    ],
    "isTemplate": false,
    "count": 0,
    "updated": 0
  }
]