[
  {
    "id": "322f70e3-8386-436a-bbc1-25c376330724",
    "data": [
      {
        "text": "I have ",
        "userDefined": false
      },
      {
        "text": "low fever",
        "alias": "Symptoms",
        "meta": "@Symptoms",
        "userDefined": false
      }
    ],
    "isTemplate": false,
    "count": 0,
    "updated": 0
  },
  {
    "id": "1a9f1f26-761c-47df-925e-ad6d0e9beb3a",
    "data": [
      {
        "text": "I have ",
        "userDefined": false
      },
      {
        "text": "fever",
        "alias": "Symptoms",
        "meta": "@Symptoms",
        "userDefined": false
      }
    ],
    "isTemplate": false,
    "count": 0,
    "updated": 0
  }
]