[
  {
    "id": "bbbaaa2b-9e12-4664-bb1a-b701cf5afc94",
    "data": [
      {
        "text": "I don\u0027t feel so good",
        "userDefined": false
      }
    ],
    "isTemplate": false,
    "count": 0,
    "updated": 0
  },
  {
    "id": "75958029-e7b1-4c52-8672-ae74c95d46a3",
    "data": [
      {
        "text": "Help me diagnose",
        "userDefined": false
      }
    ],
    "isTemplate": false,
    "count": 0,
    "updated": 0
  },
  {
    "id": "fa722492-352b-465d-b895-038c804f4709",
    "data": [
      {
        "text": "What is wrong with me",
        "userDefined": false
      }
    ],
    "isTemplate": false,
    "count": 0,
    "updated": 0
  },
  {
    "id": "2f02c018-5634-4af0-a323-71f531036a09",
    "data": [
      {
        "text": "I am not well",
        "userDefined": false
      }
    ],
    "isTemplate": false,
    "count": 0,
    "updated": 0
  },
  {
    "id": "7b76982c-e223-48ab-b984-ec03aa5d7b42",
    "data": [
      {
        "text": "I am not feeling well",
        "userDefined": false
      }
    ],
    "isTemplate": false,
    "count": 0,
    "updated": 0
  }
]