[
  {
    "id": "411a82b9-5e1f-4462-bc56-90144b353c99",
    "data": [
      {
        "text": "I have ",
        "userDefined": false
      },
      {
        "text": "a fast heart rate",
        "alias": "Symptoms",
        "meta": "@Symptoms",
        "userDefined": true
      }
    ],
    "isTemplate": false,
    "count": 0,
    "updated": 0
  },
  {
    "id": "6590bf46-ee4b-4e27-8d33-6ad07a3267d8",
    "data": [
      {
        "text": "I have ",
        "userDefined": false
      },
      {
        "text": "low blood pressure",
        "alias": "Symptoms",
        "meta": "@Symptoms",
        "userDefined": false
      }
    ],
    "isTemplate": false,
    "count": 0,
    "updated": 0
  }
]