[
  {
    "id": "a7a071ac-16c4-431d-93c8-2f299836642c",
    "data": [
      {
        "text": "I have ",
        "userDefined": false
      },
      {
        "text": "wind",
        "alias": "Symptoms",
        "meta": "@Symptoms",
        "userDefined": false
      }
    ],
    "isTemplate": false,
    "count": 0,
    "updated": 0
  },
  {
    "id": "1cf268c4-cf03-492d-a229-a9e4241bedc8",
    "data": [
      {
        "text": "I have ",
        "userDefined": false
      },
      {
        "text": "stomach pain",
        "alias": "Symptoms",
        "meta": "@Symptoms",
        "userDefined": false
      }
    ],
    "isTemplate": false,
    "count": 0,
    "updated": 0
  }
]