[
  {
    "value": "Abdominal Pain",
    "synonyms": [
      "Abdominal Pain",
      "Stomach Pain",
      "Belly ache"
    ]
  },
  {
    "value": "Fever",
    "synonyms": [
      "Fever"
    ]
  },
  {
    "value": "Low Blood Pressure",
    "synonyms": [
      "Low Blood Pressure"
    ]
  },
  {
    "value": "Constipation",
    "synonyms": [
      "Constipation"
    ]
  },
  {
    "value": "Cough",
    "synonyms": [
      "Cough",
      "cold"
    ]
  },
  {
    "value": "Diarrhea",
    "synonyms": [
      "Diarrhea"
    ]
  },
  {
    "value": "Pain in Ear",
    "synonyms": [
      "Pain in Ear"
    ]
  },
  {
    "value": "Joint Pain",
    "synonyms": [
      "Joint Pain"
    ]
  },
  {
    "value": "High Fever",
    "synonyms": [
      "High Fever",
      "Fever of 103",
      "Fever of 104"
    ]
  },
  {
    "value": "chills",
    "synonyms": [
      "chills"
    ]
  },
  {
    "value": "low body temperature",
    "synonyms": [
      "low body temperature"
    ]
  },
  {
    "value": "altered level of consciousness",
    "synonyms": [
      "altered level of consciousness"
    ]
  },
  {
    "value": "insufficient urine production",
    "synonyms": [
      "insufficient urine production"
    ]
  },
  {
    "value": "Low Fever",
    "synonyms": [
      "Low Fever",
      "Fever of 101",
      "Fever of 100",
      "Fever of 99"
    ]
  },
  {
    "value": "Pain in muscle",
    "synonyms": [
      "Pain in muscle",
      "muscle aches"
    ]
  },
  {
    "value": "fatigue",
    "synonyms": [
      "fatigue"
    ]
  },
  {
    "value": "chest pressure",
    "synonyms": [
      "chest pressure"
    ]
  },
  {
    "value": "headache",
    "synonyms": [
      "headache"
    ]
  },
  {
    "value": "runny nose",
    "synonyms": [
      "runny nose",
      "cold"
    ]
  },
  {
    "value": "wind",
    "synonyms": [
      "wind",
      "gas"
    ]
  }
]